 user_id , username , email , first_name , last_name 
1001, admin , admin@example.com , John , Doe 
1002, user1 , user1@example.com , Jane , Doe 
1003, user2 , user2@example.com , John , Smith 
1004, user3 , user3@example.com , Jane , Smith 
1005, user4 , user4@example.com , Michael , Doe 
1006, user5 , user5@example.com , Mary , Doe 
1007, user6 , user6@example.com , Peter , Smith 
1008, user7 , user7@example.com , Sarah , Smith 
1009, user8 , user8@example.com , David , Doe 
10010, user9 , user9@example.com , Elizabeth , Doe 
10011, user10 , user10@example.com , William , Smith 
10012, user11 , user11@example.com , Susan , Smith 
10013, user12 , user12@example.com , Thomas , Doe 
10014, user13 , user13@example.com , Jennifer , Doe 
10015, user14 , user14@example.com , Christopher , Smith 
10016, user15 , user15@example.com , Margaret , Smith 
10017, user16 , user16@example.com , Daniel , Doe 
10018, user17 , user17@example.com , Emily , Doe 
10019, user18 , user18@example.com , Nicholas , Smith 
10020, user19 , user19@example.com , Ashley , Smith 
